ImageName,Score,True label
IM0001.000.tif, 0.4823,0
IM0001.001.tif, 0.4823,0
IM0002.000.tif, 0.1179,0
IM0002.001.tif, 0.1179,0
IM0003.000.tif, 0.1714,0
IM0003.001.tif, 0.1714,0
IM0004.000.tif, 0.3207,0
IM0004.001.tif, 0.3207,0
IM0005.000.tif, 0.0955,0
IM0005.001.tif, 0.0955,0
IM0006.000.tif, 0.1093,0
IM0006.001.tif, 0.1093,0
IM0007.000.tif, 0.6534,0
IM0007.001.tif, 0.6534,0
IM0008.000.tif, 0.1226,0
IM0008.001.tif, 0.1226,0
IM0009.000.tif, 0.1093,0
IM0009.001.tif, 0.1093,0
IM0010.000.tif, 0.1216,0
IM0010.001.tif, 0.1216,0
IM0011.000.tif, 0.1012,0
IM0011.001.tif, 0.1012,0
IM0012.000.tif, 0.1127,0
IM0012.001.tif, 0.1127,0
IM0013.000.tif, 0.1564,0
IM0013.001.tif, 0.1564,0
IM0014.000.tif, 0.1510,0
IM0014.001.tif, 0.1510,0
IM0015.000.tif, 0.7892,0
IM0015.001.tif, 0.7892,0
IM0016.000.tif, 0.1554,0
IM0016.001.tif, 0.1554,0
IM0017.000.tif, 0.8966,0
IM0017.001.tif, 0.8966,0
IM0018.000.tif, 0.8841,0
IM0018.001.tif, 0.8841,0
IM0019.000.tif, 0.9911,1
IM0019.001.tif, 0.9911,1
IM0020.000.tif, 0.9461,0
IM0020.001.tif, 0.9461,0
IM0021.000.tif, 0.9476,1
IM0021.001.tif, 0.9476,1
IM0022.000.tif, 0.9487,0
IM0022.001.tif, 0.9487,0
IM0023.000.tif, 0.9761,0
IM0023.001.tif, 0.9761,0
IM0024.000.tif, 0.9673,0
IM0024.001.tif, 0.9673,0
IM0025.000.tif, 0.9681,1
IM0025.001.tif, 0.9681,1
IM0026.000.tif, 0.9940,1
IM0026.001.tif, 0.9940,1
IM0027.000.tif, 0.9906,1
IM0027.001.tif, 0.9906,1
IM0028.000.tif, 0.9810,1
IM0028.001.tif, 0.9810,1
IM0029.000.tif, 0.1452,0
IM0029.001.tif, 0.1452,0
IM0030.000.tif, 0.0793,0
IM0030.001.tif, 0.0793,0
IM0031.000.tif, 0.1262,0
IM0031.001.tif, 0.1262,0
IM0032.000.tif, 0.1576,0
IM0032.001.tif, 0.1576,0
IM0033.000.tif, 0.0935,0
IM0033.001.tif, 0.0935,0
IM0034.000.tif, 0.1755,0
IM0034.001.tif, 0.1755,0
IM0035.000.tif, 0.0996,0
IM0035.001.tif, 0.0996,0
IM0036.000.tif, 0.2320,0
IM0036.001.tif, 0.2320,0
IM0037.000.tif, 0.1042,0
IM0037.001.tif, 0.1042,0
IM0038.000.tif, 0.2577,0
IM0038.001.tif, 0.2577,0
IM0039.000.tif, 0.0727,0
IM0039.001.tif, 0.0727,0
IM0040.000.tif, 0.1976,0
IM0040.001.tif, 0.1976,0
IM0041.000.tif, 0.1000,0
IM0041.001.tif, 0.1000,0
IM0042.000.tif, 0.1184,0
IM0042.001.tif, 0.1184,0
IM0043.000.tif, 0.4160,0
IM0043.001.tif, 0.4160,0
IM0044.000.tif, 0.1076,0
IM0044.001.tif, 0.1076,0
IM0045.000.tif, 0.0886,0
IM0045.001.tif, 0.0886,0
IM0046.000.tif, 0.1587,0
IM0046.001.tif, 0.1587,0
IM0047.000.tif, 0.2145,0
IM0047.001.tif, 0.2145,0
IM0048.000.tif, 0.0966,0
IM0048.001.tif, 0.0966,0
IM0049.000.tif, 0.1314,0
IM0049.001.tif, 0.1314,0
IM0050.000.tif, 0.2101,0
IM0050.001.tif, 0.2101,0
IM0051.000.tif, 0.1154,0
IM0051.001.tif, 0.1154,0
IM0052.000.tif, 0.5332,0
IM0052.001.tif, 0.5332,0
IM0053.000.tif, 0.1091,0
IM0053.001.tif, 0.1091,0
IM0054.000.tif, 0.1110,0
IM0054.001.tif, 0.1110,0
IM0055.000.tif, 0.1344,0
IM0055.001.tif, 0.1344,0
IM0056.000.tif, 0.1155,0
IM0056.001.tif, 0.1155,0
IM0057.000.tif, 0.1336,0
IM0057.001.tif, 0.1336,0
IM0058.000.tif, 0.3347,0
IM0058.001.tif, 0.3347,0
IM0059.000.tif, 0.0776,0
IM0059.001.tif, 0.0776,0
IM0060.000.tif, 0.8610,0
IM0060.001.tif, 0.8610,0
IM0061.000.tif, 0.1068,0
IM0061.001.tif, 0.1068,0
IM0062.000.tif, 0.1563,0
IM0062.001.tif, 0.1563,0
IM0063.000.tif, 0.1260,0
IM0063.001.tif, 0.1260,0
IM0064.000.tif, 0.0815,0
IM0064.001.tif, 0.0815,0
IM0065.000.tif, 0.2485,0
IM0065.001.tif, 0.2485,0
IM0066.000.tif, 0.1024,0
IM0066.001.tif, 0.1024,0
IM0067.000.tif, 0.1174,0
IM0067.001.tif, 0.1174,0
IM0068.000.tif, 0.1224,0
IM0068.001.tif, 0.1224,0
IM0069.000.tif, 0.1036,0
IM0069.001.tif, 0.1036,0
IM0070.000.tif, 0.1104,0
IM0070.001.tif, 0.1104,0
IM0071.000.tif, 0.2257,0
IM0071.001.tif, 0.2257,0
IM0072.000.tif, 0.1465,0
IM0072.001.tif, 0.1465,0
IM0073.000.tif, 0.1221,0
IM0073.001.tif, 0.1221,0
IM0074.000.tif, 0.1852,0
IM0074.001.tif, 0.1852,0
IM0075.000.tif, 0.1301,0
IM0075.001.tif, 0.1301,0
IM0076.000.tif, 0.2549,0
IM0076.001.tif, 0.2549,0
IM0077.000.tif, 0.1409,0
IM0077.001.tif, 0.1409,0
IM0078.000.tif, 0.0895,0
IM0078.001.tif, 0.0895,0
IM0079.000.tif, 0.1473,0
IM0079.001.tif, 0.1473,0
IM0080.000.tif, 0.1446,0
IM0080.001.tif, 0.1446,0
IM0081.000.tif, 0.1035,0
IM0081.001.tif, 0.1035,0
IM0082.000.tif, 0.8802,0
IM0082.001.tif, 0.8802,0
IM0083.000.tif, 0.8956,0
IM0083.001.tif, 0.8956,0
IM0085.000.tif, 0.9716,0
IM0085.001.tif, 0.9716,0
IM0087.000.tif, 0.4734,0
IM0087.001.tif, 0.4734,0
IM0089.000.tif, 0.9061,0
IM0089.001.tif, 0.9061,0
IM0090.000.tif, 0.9664,1
IM0090.001.tif, 0.9664,1
IM0091.000.tif, 0.2872,0
IM0091.001.tif, 0.2872,0
IM0092.000.tif, 0.9835,1
IM0092.001.tif, 0.9835,1
IM0093.000.tif, 0.8701,0
IM0093.001.tif, 0.8701,0
IM0094.000.tif, 0.9651,1
IM0094.001.tif, 0.9651,1
IM0096.000.tif, 0.8581,0
IM0096.001.tif, 0.8581,0
IM0097.000.tif, 0.9663,1
IM0097.001.tif, 0.9663,1
IM0098.000.tif, 0.9892,1
IM0098.001.tif, 0.9892,1
IM0099.000.tif, 0.9883,0
IM0099.001.tif, 0.9883,0
IM0100.000.tif, 0.9598,0
IM0100.001.tif, 0.9598,0
IM0101.000.tif, 0.9548,1
IM0101.001.tif, 0.9548,1
IM0102.000.tif, 0.9864,1
IM0102.001.tif, 0.9864,1
IM0103.000.tif, 0.9828,1
IM0103.001.tif, 0.9828,1
IM0104.000.tif, 0.9691,1
IM0104.001.tif, 0.9691,1
IM0105.000.tif, 0.9769,1
IM0105.001.tif, 0.9769,1
IM0106.000.tif, 0.9812,1
IM0106.001.tif, 0.9812,1
IM0107.000.tif, 0.9922,1
IM0107.001.tif, 0.9922,1
IM0108.000.tif, 0.9919,1
IM0108.001.tif, 0.9919,1
IM0109.000.tif, 0.9931,1
IM0109.001.tif, 0.9931,1
IM0110.000.tif, 0.9885,1
IM0110.001.tif, 0.9885,1
IM0111.000.tif, 0.5845,0
IM0111.001.tif, 0.5845,0
IM0112.000.tif, 0.1231,0
IM0112.001.tif, 0.1231,0
IM0113.000.tif, 0.1436,0
IM0113.001.tif, 0.1436,0
IM0114.000.tif, 0.1170,0
IM0114.001.tif, 0.1170,0
IM0115.000.tif, 0.1002,0
IM0115.001.tif, 0.1002,0
IM0116.000.tif, 0.1921,0
IM0116.001.tif, 0.1921,0
IM0117.000.tif, 0.2412,0
IM0117.001.tif, 0.2412,0
IM0118.000.tif, 0.1840,0
IM0118.001.tif, 0.1840,0
IM0119.000.tif, 0.1354,0
IM0119.001.tif, 0.1354,0
IM0120.000.tif, 0.0996,0
IM0120.001.tif, 0.0996,0
IM0121.000.tif, 0.0770,0
IM0121.001.tif, 0.0770,0
IM0122.000.tif, 0.1082,0
IM0122.001.tif, 0.1082,0
IM0123.000.tif, 0.4766,0
IM0123.001.tif, 0.4766,0
IM0124.000.tif, 0.8103,0
IM0124.001.tif, 0.8103,0
IM0125.000.tif, 0.1079,0
IM0125.001.tif, 0.1079,0
IM0126.000.tif, 0.2450,0
IM0126.001.tif, 0.2450,0
IM0127.000.tif, 0.3985,0
IM0127.001.tif, 0.3985,0
IM0128.000.tif, 0.7880,0
IM0128.001.tif, 0.7880,0
IM0129.000.tif, 0.5258,0
IM0129.001.tif, 0.5258,0
IM0130.000.tif, 0.2074,0
IM0130.001.tif, 0.2074,0
IM0131.000.tif, 0.2126,0
IM0131.001.tif, 0.2126,0
IM0132.000.tif, 0.0797,0
IM0132.001.tif, 0.0797,0
IM0133.000.tif, 0.1049,0
IM0133.001.tif, 0.1049,0
IM0134.000.tif, 0.8952,1
IM0134.001.tif, 0.8952,1
IM0135.000.tif, 0.9634,1
IM0135.001.tif, 0.9634,1
IM0136.000.tif, 0.9106,0
IM0136.001.tif, 0.9106,0
IM0137.000.tif, 0.7511,1
IM0137.001.tif, 0.7511,1
IM0138.000.tif, 0.9860,1
IM0138.001.tif, 0.9860,1
IM0139.000.tif, 0.9729,1
IM0139.001.tif, 0.9729,1
IM0140.000.tif, 0.9937,1
IM0140.001.tif, 0.9937,1
IM0141.000.tif, 0.9909,1
IM0141.001.tif, 0.9909,1
IM0142.000.tif, 0.9866,0
IM0142.001.tif, 0.9866,0
IM0143.000.tif, 0.9565,0
IM0143.001.tif, 0.9565,0
IM0144.000.tif, 0.9529,0
IM0144.001.tif, 0.9529,0
IM0145.000.tif, 0.9480,0
IM0145.001.tif, 0.9480,0
IM0146.000.tif, 0.9520,0
IM0146.001.tif, 0.9520,0
IM0147.000.tif, 0.9931,1
IM0147.001.tif, 0.9931,1
IM0148.000.tif, 0.0893,0
IM0148.001.tif, 0.0893,0
IM0254.000.tif, 0.1088,0
IM0254.001.tif, 0.1088,0
IM0255.000.tif, 0.9662,1
IM0255.001.tif, 0.9662,1
IM0256.000.tif, 0.0895,0
IM0256.001.tif, 0.0895,0
IM0257.000.tif, 0.9753,1
IM0257.001.tif, 0.9753,1
IM0258.000.tif, 0.1364,0
IM0258.001.tif, 0.1364,0
IM0259.000.tif, 0.9879,1
IM0259.001.tif, 0.9879,1
IM0260.000.tif, 0.1374,0
IM0260.001.tif, 0.1374,0
IM0261.000.tif, 0.1051,0
IM0261.001.tif, 0.1051,0
IM0263.000.tif, 0.9897,1
IM0263.001.tif, 0.9897,1
IM0264.000.tif, 0.8662,0
IM0264.001.tif, 0.8662,0
IM0265.000.tif, 0.9961,1
IM0265.001.tif, 0.9961,1
IM0266.000.tif, 0.9948,1
IM0266.001.tif, 0.9948,1
IM0268.000.tif, 0.9952,1
IM0268.001.tif, 0.9952,1
IM0270.000.tif, 0.9915,1
IM0270.001.tif, 0.9915,1
IM0271.000.tif, 0.9517,0
IM0271.001.tif, 0.9517,0
IM0272.000.tif, 0.1146,0
IM0272.001.tif, 0.1146,0
IM0273.000.tif, 0.9946,1
IM0273.001.tif, 0.9946,1
IM0274.000.tif, 0.9932,1
IM0274.001.tif, 0.9932,1
IM0275.000.tif, 0.0923,0
IM0275.001.tif, 0.0923,0
IM0276.000.tif, 0.9906,1
IM0276.001.tif, 0.9906,1
IM0278.000.tif, 0.7329,1
IM0278.001.tif, 0.7329,1
IM0280.000.tif, 0.4074,0
IM0280.001.tif, 0.4074,0
IM0281.000.tif, 0.9943,1
IM0281.001.tif, 0.9943,1
IM0282.000.tif, 0.2180,0
IM0282.001.tif, 0.2180,0
IM0283.000.tif, 0.2555,0
IM0283.001.tif, 0.2555,0
IM0284.000.tif, 0.9900,1
IM0284.001.tif, 0.9900,1
IM0285.000.tif, 0.9495,1
IM0285.001.tif, 0.9495,1
IM0287.000.tif, 0.0954,0
IM0287.001.tif, 0.0954,0
IM0288.000.tif, 0.9178,0
IM0288.001.tif, 0.9178,0
IM0289.000.tif, 0.9917,1
IM0289.001.tif, 0.9917,1
IM0290.000.tif, 0.0857,0
IM0290.001.tif, 0.0857,0
IM0291.000.tif, 0.9338,1
IM0291.001.tif, 0.9338,1
IM0292.000.tif, 0.1535,0
IM0292.001.tif, 0.1535,0
IM0293.000.tif, 0.1240,0
IM0293.001.tif, 0.1240,0
IM0294.000.tif, 0.9808,0
IM0294.001.tif, 0.9808,0
IM0295.000.tif, 0.9877,1
IM0295.001.tif, 0.9877,1
IM0296.000.tif, 0.9952,1
IM0296.001.tif, 0.9952,1
IM0297.000.tif, 0.1204,0
IM0297.001.tif, 0.1204,0
IM0298.000.tif, 0.9940,1
IM0298.001.tif, 0.9940,1
IM0299.000.tif, 0.9710,1
IM0299.001.tif, 0.9710,1
IM0300.000.tif, 0.9850,1
IM0300.001.tif, 0.9850,1
IM0301.000.tif, 0.8924,1
IM0301.001.tif, 0.8924,1
IM0302.000.tif, 0.4878,1
IM0302.001.tif, 0.4878,1
IM0303.000.tif, 0.9760,0
IM0303.001.tif, 0.9760,0
IM0304.000.tif, 0.9939,1
IM0304.001.tif, 0.9939,1
IM0305.000.tif, 0.1084,0
IM0305.001.tif, 0.1084,0
IM0306.000.tif, 0.9582,0
IM0306.001.tif, 0.9582,0
IM0307.000.tif, 0.9923,1
IM0307.001.tif, 0.9923,1
IM0308.000.tif, 0.1195,0
IM0308.001.tif, 0.1195,0
IM0309.000.tif, 0.9944,1
IM0309.001.tif, 0.9944,1
IM0310.000.tif, 0.1074,0
IM0310.001.tif, 0.1074,0
IM0311.000.tif, 0.1128,0
IM0311.001.tif, 0.1128,0
IM0312.000.tif, 0.6642,0
IM0312.001.tif, 0.6642,0
IM0313.000.tif, 0.7271,0
IM0313.001.tif, 0.7271,0
IM0314.000.tif, 0.9955,1
IM0314.001.tif, 0.9955,1
IM0315.000.tif, 0.9926,1
IM0315.001.tif, 0.9926,1
IM0316.000.tif, 0.9948,1
IM0316.001.tif, 0.9948,1
IM0318.000.tif, 0.1125,0
IM0318.001.tif, 0.1125,0
IM0319.000.tif, 0.1458,0
IM0319.001.tif, 0.1458,0
IM0320.000.tif, 0.8034,0
IM0320.001.tif, 0.8034,0
IM0321.000.tif, 0.0759,0
IM0321.001.tif, 0.0759,0
IM0322.000.tif, 0.9922,1
IM0322.001.tif, 0.9922,1
IM0323.000.tif, 0.1181,0
IM0323.001.tif, 0.1181,0
IM0324.000.tif, 0.9904,1
IM0324.001.tif, 0.9904,1
IM0325.000.tif, 0.9685,0
IM0325.001.tif, 0.9685,0
IM0326.000.tif, 0.5497,0
IM0326.001.tif, 0.5497,0
IM0327.000.tif, 0.8334,0
IM0327.001.tif, 0.8334,0
IM0328.000.tif, 0.9889,1
IM0328.001.tif, 0.9889,1
IM0329.000.tif, 0.1687,0
IM0329.001.tif, 0.1687,0
IM0330.000.tif, 0.8901,0
IM0330.001.tif, 0.8901,0
IM0331.000.tif, 0.9880,1
IM0331.001.tif, 0.9880,1
IM0332.000.tif, 0.9763,1
IM0332.001.tif, 0.9763,1
IM0333.000.tif, 0.1608,0
IM0333.001.tif, 0.1608,0
IM0334.000.tif, 0.0987,0
IM0334.001.tif, 0.0987,0
IM0336.000.tif, 0.4591,0
IM0336.001.tif, 0.4591,0
IM0337.000.tif, 0.9738,1
IM0337.001.tif, 0.9738,1
IM0338.000.tif, 0.0688,0
IM0338.001.tif, 0.0688,0
IM0339.000.tif, 0.1223,0
IM0339.001.tif, 0.1223,0
IM0340.000.tif, 0.2767,0
IM0340.001.tif, 0.2767,0
IM0341.000.tif, 0.9955,1
IM0341.001.tif, 0.9955,1
IM0342.000.tif, 0.9954,1
IM0342.001.tif, 0.9954,1
IM0343.000.tif, 0.9913,1
IM0343.001.tif, 0.9913,1
IM0344.000.tif, 0.9944,1
IM0344.001.tif, 0.9944,1
IM0346.000.tif, 0.9959,1
IM0346.001.tif, 0.9959,1
IM0350.000.tif, 0.9722,0
IM0350.001.tif, 0.9722,0
IM0353.000.tif, 0.4763,0
IM0353.001.tif, 0.4763,0
IM0354.000.tif, 0.1018,0
IM0354.001.tif, 0.1018,0
IM0355.000.tif, 0.6472,1
IM0355.001.tif, 0.6472,1
IM0356.000.tif, 0.0978,0
IM0356.001.tif, 0.0978,0
IM0357.000.tif, 0.9950,1
IM0357.001.tif, 0.9950,1
IM0358.000.tif, 0.9745,1
IM0358.001.tif, 0.9745,1
IM0359.000.tif, 0.9959,1
IM0359.001.tif, 0.9959,1
IM0360.000.tif, 0.9935,1
IM0360.001.tif, 0.9935,1
IM0361.000.tif, 0.9916,1
IM0361.001.tif, 0.9916,1
IM0362.000.tif, 0.0889,0
IM0362.001.tif, 0.0889,0
IM0365.000.tif, 0.1372,0
IM0365.001.tif, 0.1372,0
IM0367.000.tif, 0.9860,1
IM0367.001.tif, 0.9860,1
IM0368.000.tif, 0.9677,0
IM0368.001.tif, 0.9677,0
IM0369.000.tif, 0.9959,1
IM0369.001.tif, 0.9959,1
IM0370.000.tif, 0.9915,1
IM0370.001.tif, 0.9915,1
IM0371.000.tif, 0.2276,0
IM0371.001.tif, 0.2276,0
IM0372.000.tif, 0.1891,0
IM0372.001.tif, 0.1891,0
IM0373.000.tif, 0.7287,0
IM0373.001.tif, 0.7287,0
IM0374.000.tif, 0.1140,0
IM0374.001.tif, 0.1140,0
IM0376.000.tif, 0.4582,0
IM0376.001.tif, 0.4582,0
IM0377.000.tif, 0.0958,0
IM0377.001.tif, 0.0958,0
IM0378.000.tif, 0.9855,0
IM0378.001.tif, 0.9855,0
IM0379.000.tif, 0.1276,0
IM0379.001.tif, 0.1276,0
IM0380.000.tif, 0.9952,1
IM0380.001.tif, 0.9952,1
IM0381.000.tif, 0.8518,0
IM0381.001.tif, 0.8518,0
IM0382.000.tif, 0.0942,0
IM0382.001.tif, 0.0942,0
IM0383.000.tif, 0.9303,0
IM0383.001.tif, 0.9303,0
IM0384.000.tif, 0.0734,0
IM0384.001.tif, 0.0734,0
IM0385.000.tif, 0.9890,1
IM0385.001.tif, 0.9890,1
IM0386.000.tif, 0.0980,0
IM0386.001.tif, 0.0980,0
IM0387.000.tif, 0.0805,0
IM0387.001.tif, 0.0805,0
IM0388.000.tif, 0.9839,1
IM0388.001.tif, 0.9839,1
IM0389.000.tif, 0.9898,1
IM0389.001.tif, 0.9898,1
IM0390.000.tif, 0.1653,0
IM0390.001.tif, 0.1653,0
IM0391.000.tif, 0.9817,1
IM0391.001.tif, 0.9817,1
IM0392.000.tif, 0.1816,0
IM0392.001.tif, 0.1816,0
IM0393.000.tif, 0.9957,1
IM0393.001.tif, 0.9957,1
IM0395.000.tif, 0.1226,0
IM0395.001.tif, 0.1226,0
IM0396.000.tif, 0.9946,1
IM0396.001.tif, 0.9946,1
IM0397.000.tif, 0.9131,1
IM0397.001.tif, 0.9131,1
IM0398.000.tif, 0.8671,0
IM0398.001.tif, 0.8671,0
IM0399.000.tif, 0.1250,0
IM0399.001.tif, 0.1250,0
IM0400.000.tif, 0.8756,0
IM0400.001.tif, 0.8756,0
IM0401.000.tif, 0.0736,0
IM0401.001.tif, 0.0736,0
IM0402.000.tif, 0.9848,0
IM0402.001.tif, 0.9848,0
IM0403.000.tif, 0.1102,0
IM0403.001.tif, 0.1102,0
IM0404.000.tif, 0.0756,0
IM0404.001.tif, 0.0756,0
IM0405.000.tif, 0.9646,0
IM0405.001.tif, 0.9646,0
IM0406.000.tif, 0.1173,0
IM0406.001.tif, 0.1173,0
IM0407.000.tif, 0.6373,0
IM0407.001.tif, 0.6373,0
IM0408.000.tif, 0.1080,0
IM0408.001.tif, 0.1080,0
IM0409.000.tif, 0.0905,0
IM0409.001.tif, 0.0905,0
IM0410.000.tif, 0.9961,1
IM0410.001.tif, 0.9961,1
IM0411.000.tif, 0.9937,1
IM0411.001.tif, 0.9937,1
IM0412.000.tif, 0.9875,1
IM0412.001.tif, 0.9875,1
IM0413.000.tif, 0.9934,1
IM0413.001.tif, 0.9934,1
IM0414.000.tif, 0.9202,0
IM0414.001.tif, 0.9202,0
IM0415.000.tif, 0.9911,1
IM0415.001.tif, 0.9911,1
IM0416.000.tif, 0.0978,0
IM0416.001.tif, 0.0978,0
IM0417.000.tif, 0.8810,1
IM0417.001.tif, 0.8810,1
IM0418.000.tif, 0.9960,1
IM0418.001.tif, 0.9960,1
IM0419.000.tif, 0.9957,1
IM0419.001.tif, 0.9957,1
IM0420.000.tif, 0.0921,0
IM0420.001.tif, 0.0921,0
IM0421.000.tif, 0.9864,1
IM0421.001.tif, 0.9864,1
IM0422.000.tif, 0.9951,1
IM0422.001.tif, 0.9951,1
IM0423.000.tif, 0.1293,0
IM0423.001.tif, 0.1293,0
IM0424.000.tif, 0.9951,1
IM0424.001.tif, 0.9951,1
IM0425.000.tif, 0.1067,0
IM0425.001.tif, 0.1067,0
IM0426.000.tif, 0.0856,0
IM0426.001.tif, 0.0856,0
IM0427.000.tif, 0.9859,0
IM0427.001.tif, 0.9859,0
IM0428.000.tif, 0.9898,1
IM0428.001.tif, 0.9898,1
IM0429.000.tif, 0.0705,0
IM0429.001.tif, 0.0705,0
IM0430.000.tif, 0.9952,1
IM0430.001.tif, 0.9952,1
IM0431.000.tif, 0.9892,1
IM0431.001.tif, 0.9892,1
IM0432.000.tif, 0.4812,0
IM0432.001.tif, 0.4812,0
IM0433.000.tif, 0.1305,0
IM0433.001.tif, 0.1305,0
IM0434.000.tif, 0.9954,1
IM0434.001.tif, 0.9954,1
IM0436.000.tif, 0.9945,1
IM0436.001.tif, 0.9945,1
IM0437.000.tif, 0.6161,0
IM0437.001.tif, 0.6161,0
IM0438.000.tif, 0.9907,1
IM0438.001.tif, 0.9907,1
IM0440.000.tif, 0.1292,0
IM0440.001.tif, 0.1292,0
IM0441.000.tif, 0.0842,0
IM0441.001.tif, 0.0842,0
IM0442.000.tif, 0.9911,1
IM0442.001.tif, 0.9911,1
IM0443.000.tif, 0.9960,1
IM0443.001.tif, 0.9960,1
IM0444.000.tif, 0.9891,1
IM0444.001.tif, 0.9891,1
IM0445.000.tif, 0.2667,0
IM0445.001.tif, 0.2667,0
IM0447.000.tif, 0.1354,0
IM0447.001.tif, 0.1354,0
IM0448.000.tif, 0.1031,0
IM0448.001.tif, 0.1031,0
IM0449.000.tif, 0.2218,0
IM0449.001.tif, 0.2218,0
IM0450.000.tif, 0.9756,0
IM0450.001.tif, 0.9756,0
IM0451.000.tif, 0.9930,1
IM0451.001.tif, 0.9930,1
IM0452.000.tif, 0.9945,1
IM0452.001.tif, 0.9945,1
IM0453.000.tif, 0.9944,1
IM0453.001.tif, 0.9944,1
IM0457.000.tif, 0.9941,1
IM0457.001.tif, 0.9941,1
IM0458.000.tif, 0.9851,0
IM0458.001.tif, 0.9851,0
IM0460.000.tif, 0.1089,0
IM0460.001.tif, 0.1089,0
IM0462.000.tif, 0.9175,0
IM0462.001.tif, 0.9175,0
IM0463.000.tif, 0.4594,0
IM0463.001.tif, 0.4594,0
IM0464.000.tif, 0.1173,0
IM0464.001.tif, 0.1173,0
IM0465.000.tif, 0.9953,1
IM0465.001.tif, 0.9953,1
IM0466.000.tif, 0.9953,1
IM0466.001.tif, 0.9953,1
IM0467.000.tif, 0.9140,1
IM0467.001.tif, 0.9140,1
IM0468.000.tif, 0.0805,0
IM0468.001.tif, 0.0805,0
IM0469.000.tif, 0.4488,0
IM0469.001.tif, 0.4488,0
IM0470.000.tif, 0.9070,0
IM0470.001.tif, 0.9070,0
IM0471.000.tif, 0.4140,0
IM0471.001.tif, 0.4140,0
IM0472.000.tif, 0.9561,0
IM0472.001.tif, 0.9561,0
IM0473.000.tif, 0.9904,1
IM0473.001.tif, 0.9904,1
IM0474.000.tif, 0.9934,1
IM0474.001.tif, 0.9934,1
IM0475.000.tif, 0.9534,0
IM0475.001.tif, 0.9534,0
IM0476.000.tif, 0.1248,0
IM0476.001.tif, 0.1248,0
IM0477.000.tif, 0.8194,0
IM0477.001.tif, 0.8194,0
IM0478.000.tif, 0.8901,0
IM0478.001.tif, 0.8901,0
IM0479.000.tif, 0.9776,0
IM0479.001.tif, 0.9776,0
IM0480.000.tif, 0.6680,0
IM0480.001.tif, 0.6680,0
IM0481.000.tif, 0.1265,0
IM0481.001.tif, 0.1265,0
IM0482.000.tif, 0.9952,1
IM0482.001.tif, 0.9952,1
IM0483.000.tif, 0.9919,1
IM0483.001.tif, 0.9919,1
IM0484.000.tif, 0.8988,0
IM0484.001.tif, 0.8988,0
IM0485.000.tif, 0.9888,1
IM0485.001.tif, 0.9888,1
IM0486.000.tif, 0.6659,0
IM0486.001.tif, 0.6659,0
IM0487.000.tif, 0.9952,1
IM0487.001.tif, 0.9952,1
IM0488.000.tif, 0.9638,1
IM0488.001.tif, 0.9638,1
IM0489.000.tif, 0.2187,0
IM0489.001.tif, 0.2187,0
IM0490.000.tif, 0.6621,0
IM0490.001.tif, 0.6621,0
IM0491.000.tif, 0.0971,0
IM0491.001.tif, 0.0971,0
IM0492.000.tif, 0.9312,0
IM0492.001.tif, 0.9312,0
IM0493.000.tif, 0.7709,0
IM0493.001.tif, 0.7709,0
IM0494.000.tif, 0.2872,0
IM0494.001.tif, 0.2872,0
IM0495.000.tif, 0.9740,0
IM0495.001.tif, 0.9740,0
IM0496.000.tif, 0.9773,0
IM0496.001.tif, 0.9773,0
IM0497.000.tif, 0.4515,0
IM0497.001.tif, 0.4515,0
IM0498.000.tif, 0.0845,0
IM0498.001.tif, 0.0845,0
IM0499.000.tif, 0.1923,0
IM0499.001.tif, 0.1923,0
IM0500.000.tif, 0.9569,0
IM0500.001.tif, 0.9569,0
IM0501.000.tif, 0.9816,0
IM0501.001.tif, 0.9816,0
IM0502.000.tif, 0.2736,0
IM0502.001.tif, 0.2736,0
IM0503.000.tif, 0.9941,1
IM0503.001.tif, 0.9941,1
IM0504.000.tif, 0.9951,1
IM0504.001.tif, 0.9951,1
IM0505.000.tif, 0.7855,0
IM0505.001.tif, 0.7855,0
IM0506.000.tif, 0.9573,0
IM0506.001.tif, 0.9573,0
IM0507.000.tif, 0.9946,1
IM0507.001.tif, 0.9946,1
IM0508.000.tif, 0.9834,1
IM0508.001.tif, 0.9834,1
IM0509.000.tif, 0.9821,1
IM0509.001.tif, 0.9821,1
IM0510.000.tif, 0.9871,1
IM0510.001.tif, 0.9871,1
IM0511.000.tif, 0.8650,0
IM0511.001.tif, 0.8650,0
IM0512.000.tif, 0.9946,1
IM0512.001.tif, 0.9946,1
IM0513.000.tif, 0.9547,0
IM0513.001.tif, 0.9547,0
IM0514.000.tif, 0.2813,0
IM0514.001.tif, 0.2813,0
IM0515.000.tif, 0.9906,1
IM0515.001.tif, 0.9906,1
IM0516.000.tif, 0.7633,0
IM0516.001.tif, 0.7633,0
IM0517.000.tif, 0.8704,1
IM0517.001.tif, 0.8704,1
IM0518.000.tif, 0.8780,0
IM0518.001.tif, 0.8780,0
IM0519.000.tif, 0.8082,0
IM0519.001.tif, 0.8082,0
IM0520.000.tif, 0.9887,0
IM0520.001.tif, 0.9887,0
IM0521.000.tif, 0.9936,1
IM0521.001.tif, 0.9936,1
IM0522.000.tif, 0.9940,1
IM0522.001.tif, 0.9940,1
IM0523.000.tif, 0.9946,1
IM0523.001.tif, 0.9946,1
IM0524.000.tif, 0.7773,0
IM0524.001.tif, 0.7773,0
IM0525.000.tif, 0.9952,1
IM0525.001.tif, 0.9952,1
IM0526.000.tif, 0.4511,0
IM0526.001.tif, 0.4511,0
IM0527.000.tif, 0.9902,1
IM0527.001.tif, 0.9902,1
IM0528.000.tif, 0.1057,0
IM0528.001.tif, 0.1057,0
IM0529.000.tif, 0.8214,0
IM0529.001.tif, 0.8214,0
IM0530.000.tif, 0.9211,0
IM0530.001.tif, 0.9211,0
IM0531.000.tif, 0.6102,0
IM0531.001.tif, 0.6102,0
IM0532.000.tif, 0.9204,0
IM0532.001.tif, 0.9204,0
IM0533.000.tif, 0.9915,1
IM0533.001.tif, 0.9915,1
IM0534.000.tif, 0.9957,1
IM0534.001.tif, 0.9957,1
IM0535.000.tif, 0.6665,0
IM0535.001.tif, 0.6665,0
IM0536.000.tif, 0.5393,0
IM0536.001.tif, 0.5393,0
IM0537.000.tif, 0.7046,1
IM0537.001.tif, 0.7046,1
IM0538.000.tif, 0.9017,0
IM0538.001.tif, 0.9017,0
IM0539.000.tif, 0.0851,0
IM0539.001.tif, 0.0851,0
IM0540.000.tif, 0.0749,0
IM0540.001.tif, 0.0749,0
IM0541.000.tif, 0.0867,0
IM0541.001.tif, 0.0867,0
IM0542.000.tif, 0.9888,1
IM0542.001.tif, 0.9888,1
IM0543.000.tif, 0.9926,1
IM0543.001.tif, 0.9926,1
IM0544.000.tif, 0.4766,0
IM0544.001.tif, 0.4766,0
IM0545.000.tif, 0.4721,0
IM0545.001.tif, 0.4721,0
IM0546.000.tif, 0.3986,0
IM0546.001.tif, 0.3986,0
IM0547.000.tif, 0.9723,0
IM0547.001.tif, 0.9723,0
IM0548.000.tif, 0.1144,0
IM0548.001.tif, 0.1144,0
IM0549.000.tif, 0.9933,1
IM0549.001.tif, 0.9933,1
IM0550.000.tif, 0.0924,0
IM0550.001.tif, 0.0924,0
IM0552.000.tif, 0.7528,0
IM0552.001.tif, 0.7528,0
IM0553.000.tif, 0.1032,0
IM0553.001.tif, 0.1032,0
IM0554.000.tif, 0.9941,1
IM0554.001.tif, 0.9941,1
IM0555.000.tif, 0.1785,0
IM0555.001.tif, 0.1785,0
IM0556.000.tif, 0.9616,1
IM0556.001.tif, 0.9616,1
IM0557.000.tif, 0.9924,1
IM0557.001.tif, 0.9924,1
IM0558.000.tif, 0.9301,1
IM0558.001.tif, 0.9301,1
IM0559.000.tif, 0.9953,1
IM0559.001.tif, 0.9953,1
IM0560.000.tif, 0.1517,0
IM0560.001.tif, 0.1517,0
IM0561.000.tif, 0.8933,0
IM0561.001.tif, 0.8933,0
IM0563.000.tif, 0.9868,1
IM0563.001.tif, 0.9868,1
IM0564.000.tif, 0.7623,0
IM0564.001.tif, 0.7623,0
IM0565.000.tif, 0.0878,0
IM0565.001.tif, 0.0878,0
IM0566.000.tif, 0.1171,0
IM0566.001.tif, 0.1171,0
IM0567.000.tif, 0.6419,0
IM0567.001.tif, 0.6419,0
IM0568.000.tif, 0.9723,0
IM0568.001.tif, 0.9723,0
IM0569.000.tif, 0.9875,1
IM0569.001.tif, 0.9875,1
IM0570.000.tif, 0.2996,0
IM0570.001.tif, 0.2996,0
IM0571.000.tif, 0.9455,0
IM0571.001.tif, 0.9455,0
IM0572.000.tif, 0.3597,0
IM0572.001.tif, 0.3597,0
IM0573.000.tif, 0.3656,0
IM0573.001.tif, 0.3656,0
IM0574.000.tif, 0.8275,0
IM0574.001.tif, 0.8275,0
IM0575.000.tif, 0.9862,1
IM0575.001.tif, 0.9862,1
IM0576.000.tif, 0.8965,1
IM0576.001.tif, 0.8965,1
IM0577.000.tif, 0.7772,0
IM0577.001.tif, 0.7772,0
IM0578.000.tif, 0.9862,1
IM0578.001.tif, 0.9862,1
IM0579.000.tif, 0.4315,0
IM0579.001.tif, 0.4315,0
IM0580.000.tif, 0.9892,1
IM0580.001.tif, 0.9892,1
IM0581.000.tif, 0.2833,0
IM0581.001.tif, 0.2833,0
IM0582.000.tif, 0.7829,0
IM0582.001.tif, 0.7829,0
IM0583.000.tif, 0.3273,0
IM0583.001.tif, 0.3273,0
IM0584.000.tif, 0.3091,0
IM0584.001.tif, 0.3091,0
IM0585.000.tif, 0.9883,1
IM0585.001.tif, 0.9883,1
IM0586.000.tif, 0.9521,0
IM0586.001.tif, 0.9521,0
IM0587.000.tif, 0.1460,0
IM0587.001.tif, 0.1460,0
IM0588.000.tif, 0.0861,0
IM0588.001.tif, 0.0861,0
IM0589.000.tif, 0.2576,0
IM0589.001.tif, 0.2576,0
IM0590.000.tif, 0.1396,0
IM0590.001.tif, 0.1396,0
IM0591.000.tif, 0.5165,0
IM0591.001.tif, 0.5165,0
IM0592.000.tif, 0.9941,1
IM0592.001.tif, 0.9941,1
IM0593.000.tif, 0.3729,0
IM0593.001.tif, 0.3729,0
IM0594.000.tif, 0.9577,1
IM0594.001.tif, 0.9577,1
IM0595.000.tif, 0.9818,0
IM0595.001.tif, 0.9818,0
IM0596.000.tif, 0.1065,0
IM0596.001.tif, 0.1065,0
IM0597.000.tif, 0.9922,1
IM0597.001.tif, 0.9922,1
IM0598.000.tif, 0.1261,0
IM0598.001.tif, 0.1261,0
IM0599.000.tif, 0.9733,1
IM0599.001.tif, 0.9733,1
IM0600.000.tif, 0.8253,0
IM0600.001.tif, 0.8253,0
IM0601.000.tif, 0.4543,0
IM0601.001.tif, 0.4543,0
IM0602.000.tif, 0.0892,0
IM0602.001.tif, 0.0892,0
IM0603.000.tif, 0.8858,0
IM0603.001.tif, 0.8858,0
IM0604.000.tif, 0.2846,0
IM0604.001.tif, 0.2846,0
IM0605.000.tif, 0.8720,0
IM0605.001.tif, 0.8720,0
IM0606.000.tif, 0.6199,0
IM0606.001.tif, 0.6199,0
IM0607.000.tif, 0.9712,1
IM0607.001.tif, 0.9712,1
IM0608.000.tif, 0.1879,0
IM0608.001.tif, 0.1879,0
IM0609.000.tif, 0.3743,0
IM0609.001.tif, 0.3743,0
IM0610.000.tif, 0.2284,0
IM0610.001.tif, 0.2284,0
IM0611.000.tif, 0.6626,0
IM0611.001.tif, 0.6626,0
IM0612.000.tif, 0.9713,0
IM0612.001.tif, 0.9713,0
IM0613.000.tif, 0.1227,0
IM0613.001.tif, 0.1227,0
IM0614.000.tif, 0.9911,1
IM0614.001.tif, 0.9911,1
IM0615.000.tif, 0.2329,0
IM0615.001.tif, 0.2329,0
IM0616.000.tif, 0.0715,0
IM0616.001.tif, 0.0715,0
IM0617.000.tif, 0.2594,0
IM0617.001.tif, 0.2594,0
IM0618.000.tif, 0.1414,0
IM0618.001.tif, 0.1414,0
IM0619.000.tif, 0.2979,0
IM0619.001.tif, 0.2979,0
IM0620.000.tif, 0.9940,1
IM0620.001.tif, 0.9940,1
IM0621.000.tif, 0.9822,0
IM0621.001.tif, 0.9822,0
IM0622.000.tif, 0.8430,0
IM0622.001.tif, 0.8430,0
IM0623.000.tif, 0.0664,0
IM0623.001.tif, 0.0664,0
IM0624.000.tif, 0.8824,0
IM0624.001.tif, 0.8824,0
IM0625.000.tif, 0.9715,0
IM0625.001.tif, 0.9715,0
IM0626.000.tif, 0.9918,0
IM0626.001.tif, 0.9918,0
IM0627.000.tif, 0.1555,0
IM0627.001.tif, 0.1555,0
IM0628.000.tif, 0.0866,0
IM0628.001.tif, 0.0866,0
IM0629.000.tif, 0.9795,0
IM0629.001.tif, 0.9795,0
IM0630.000.tif, 0.9937,1
IM0630.001.tif, 0.9937,1
IM0631.000.tif, 0.1440,0
IM0631.001.tif, 0.1440,0
IM0632.000.tif, 0.9639,0
IM0632.001.tif, 0.9639,0
IM0633.000.tif, 0.9783,1
IM0633.001.tif, 0.9783,1
IM0634.000.tif, 0.9902,0
IM0634.001.tif, 0.9902,0
IM0635.000.tif, 0.9599,0
IM0635.001.tif, 0.9599,0
IM0636.000.tif, 0.1153,0
IM0636.001.tif, 0.1153,0
IM0637.000.tif, 0.1373,0
IM0637.001.tif, 0.1373,0
IM0638.000.tif, 0.3293,0
IM0638.001.tif, 0.3293,0
IM0639.000.tif, 0.1466,0
IM0639.001.tif, 0.1466,0
IM0640.000.tif, 0.9642,1
IM0640.001.tif, 0.9642,1
IM0641.000.tif, 0.1451,0
IM0641.001.tif, 0.1451,0
IM0642.000.tif, 0.3335,0
IM0642.001.tif, 0.3335,0
IM0643.000.tif, 0.9933,1
IM0643.001.tif, 0.9933,1
IM0644.000.tif, 0.9713,0
IM0644.001.tif, 0.9713,0
IM0645.000.tif, 0.9932,1
IM0645.001.tif, 0.9932,1
IM0646.000.tif, 0.9837,0
IM0646.001.tif, 0.9837,0
IM0647.000.tif, 0.3928,0
IM0647.001.tif, 0.3928,0
IM0648.000.tif, 0.9584,1
IM0648.001.tif, 0.9584,1
IM0649.000.tif, 0.9562,0
IM0649.001.tif, 0.9562,0
IM0650.000.tif, 0.1304,0
IM0650.001.tif, 0.1304,0
IM0651.000.tif, 0.0904,0
IM0651.001.tif, 0.0904,0
IM0652.000.tif, 0.0811,0
IM0652.001.tif, 0.0811,0
IM0653.000.tif, 0.9341,1
IM0653.001.tif, 0.9341,1
IM0654.000.tif, 0.9362,1
IM0654.001.tif, 0.9362,1
IM0655.000.tif, 0.8325,0
IM0655.001.tif, 0.8325,0
IM0656.000.tif, 0.2534,0
IM0656.001.tif, 0.2534,0
IM0657.000.tif, 0.9603,0
IM0657.001.tif, 0.9603,0
IM0658.000.tif, 0.9939,1
IM0658.001.tif, 0.9939,1
IM0659.000.tif, 0.2281,0
IM0659.001.tif, 0.2281,0
IM0660.000.tif, 0.9283,0
IM0660.001.tif, 0.9283,0
IM0661.000.tif, 0.1172,0
IM0661.001.tif, 0.1172,0
IM0662.000.tif, 0.8963,0
IM0662.001.tif, 0.8963,0
IM0663.000.tif, 0.6129,0
IM0663.001.tif, 0.6129,0
IM0664.000.tif, 0.9499,0
IM0664.001.tif, 0.9499,0
IM0665.000.tif, 0.1077,0
IM0665.001.tif, 0.1077,0
IM0666.000.tif, 0.6962,0
IM0666.001.tif, 0.6962,0
IM0667.000.tif, 0.1333,0
IM0667.001.tif, 0.1333,0
IM1002.000.tif, 0.9027,0
IM1002.001.tif, 0.9027,0
IM1005.000.tif, 0.1577,0
IM1005.001.tif, 0.1577,0
IM1006.000.tif, 0.2525,0
IM1006.001.tif, 0.2525,0
IM1007.000.tif, 0.2124,0
IM1007.001.tif, 0.2124,0
IM1008.000.tif, 0.7663,1
IM1008.001.tif, 0.7663,1
IM1009.000.tif, 0.4413,0
IM1009.001.tif, 0.4413,0
IM1010.000.tif, 0.9398,0
IM1010.001.tif, 0.9398,0
IM1011.000.tif, 0.5177,0
IM1011.001.tif, 0.5177,0
IM1012.000.tif, 0.8397,0
IM1012.001.tif, 0.8397,0
IM1013.000.tif, 0.6700,0
IM1013.001.tif, 0.6700,0
IM1014.000.tif, 0.5292,0
IM1014.001.tif, 0.5292,0
IM1015.000.tif, 0.7542,0
IM1015.001.tif, 0.7542,0
IM1016.000.tif, 0.7635,0
IM1016.001.tif, 0.7635,0
IM1017.000.tif, 0.6682,1
IM1017.001.tif, 0.6682,1
IM1019.000.tif, 0.3154,0
IM1019.001.tif, 0.3154,0
IM1020.000.tif, 0.0614,0
IM1020.001.tif, 0.0614,0
IM1023.000.tif, 0.7142,0
IM1023.001.tif, 0.7142,0
IM1024.000.tif, 0.7875,0
IM1024.001.tif, 0.7875,0
IM1025.000.tif, 0.1128,0
IM1025.001.tif, 0.1128,0
IM1026.000.tif, 0.7018,0
IM1026.001.tif, 0.7018,0
IM1027.000.tif, 0.3244,0
IM1027.001.tif, 0.3244,0
IM1030.000.tif, 0.3782,0
IM1030.001.tif, 0.3782,0
IM1031.000.tif, 0.9771,1
IM1031.001.tif, 0.9771,1
IM1033.000.tif, 0.5489,0
IM1033.001.tif, 0.5489,0
IM1036.000.tif, 0.0812,0
IM1036.001.tif, 0.0812,0
IM1037.000.tif, 0.0800,0
IM1037.001.tif, 0.0800,0
IM1038.000.tif, 0.2272,0
IM1038.001.tif, 0.2272,0
IM1039.000.tif, 0.1023,0
IM1039.001.tif, 0.1023,0
IM1040.000.tif, 0.7367,0
IM1040.001.tif, 0.7367,0
IM1041.000.tif, 0.7797,0
IM1041.001.tif, 0.7797,0
IM1044.000.tif, 0.1790,0
IM1044.001.tif, 0.1790,0
IM1045.000.tif, 0.4387,0
IM1045.001.tif, 0.4387,0
IM1047.000.tif, 0.3185,0
IM1047.001.tif, 0.3185,0
IM1048.000.tif, 0.1838,0
IM1048.001.tif, 0.1838,0
IM1051.000.tif, 0.8988,0
IM1051.001.tif, 0.8988,0
IM1052.000.tif, 0.1233,0
IM1052.001.tif, 0.1233,0
IM1053.000.tif, 0.5112,0
IM1053.001.tif, 0.5112,0
IM1055.000.tif, 0.0923,0
IM1055.001.tif, 0.0923,0
IM1058.000.tif, 0.9688,1
IM1058.001.tif, 0.9688,1
IM1059.000.tif, 0.0720,0
IM1059.001.tif, 0.0720,0
IM1062.000.tif, 0.2642,0
IM1062.001.tif, 0.2642,0
IM1064.000.tif, 0.1602,0
IM1064.001.tif, 0.1602,0
IM1066.000.tif, 0.9620,0
IM1066.001.tif, 0.9620,0
IM1067.000.tif, 0.2613,0
IM1067.001.tif, 0.2613,0
IM1068.000.tif, 0.4437,0
IM1068.001.tif, 0.4437,0
IM1069.000.tif, 0.8104,0
IM1069.001.tif, 0.8104,0
IM1070.000.tif, 0.7520,0
IM1070.001.tif, 0.7520,0
IM1071.000.tif, 0.8573,0
IM1071.001.tif, 0.8573,0
IM1072.000.tif, 0.1352,0
IM1072.001.tif, 0.1352,0
IM1073.000.tif, 0.0918,0
IM1073.001.tif, 0.0918,0
IM1074.000.tif, 0.0908,0
IM1074.001.tif, 0.0908,0
IM1075.000.tif, 0.0949,0
IM1075.001.tif, 0.0949,0
IM1082.000.tif, 0.3791,0
IM1082.001.tif, 0.3791,0
IM1083.000.tif, 0.0999,0
IM1083.001.tif, 0.0999,0
IM1084.000.tif, 0.1443,0
IM1084.001.tif, 0.1443,0
IM1085.000.tif, 0.4726,0
IM1085.001.tif, 0.4726,0
IM1086.000.tif, 0.8812,0
IM1086.001.tif, 0.8812,0
IM1087.000.tif, 0.2292,0
IM1087.001.tif, 0.2292,0
IM1088.000.tif, 0.3272,0
IM1088.001.tif, 0.3272,0
IM1089.000.tif, 0.1544,0
IM1089.001.tif, 0.1544,0
IM1091.000.tif, 0.9401,0
IM1091.001.tif, 0.9401,0
IM1092.000.tif, 0.3130,0
IM1092.001.tif, 0.3130,0
IM1096.000.tif, 0.1871,0
IM1096.001.tif, 0.1871,0
IM1097.000.tif, 0.8980,0
IM1097.001.tif, 0.8980,0
IM1098.000.tif, 0.9490,0
IM1098.001.tif, 0.9490,0
IM1100.000.tif, 0.2018,0
IM1100.001.tif, 0.2018,0
IM1101.000.tif, 0.1119,0
IM1101.001.tif, 0.1119,0
IM1103.000.tif, 0.8164,0
IM1103.001.tif, 0.8164,0
IM1104.000.tif, 0.2450,0
IM1104.001.tif, 0.2450,0
IM1105.000.tif, 0.1162,0
IM1105.001.tif, 0.1162,0
IM1106.000.tif, 0.0660,0
IM1106.001.tif, 0.0660,0
IM1107.000.tif, 0.3065,0
IM1107.001.tif, 0.3065,0
IM1110.000.tif, 0.1979,0
IM1110.001.tif, 0.1979,0
IM1111.000.tif, 0.1661,0
IM1111.001.tif, 0.1661,0
IM1112.000.tif, 0.9770,1
IM1112.001.tif, 0.9770,1
IM1114.000.tif, 0.8071,0
IM1114.001.tif, 0.8071,0
IM1115.000.tif, 0.4195,0
IM1115.001.tif, 0.4195,0
IM1117.000.tif, 0.4689,0
IM1117.001.tif, 0.4689,0
IM1122.000.tif, 0.9473,1
IM1122.001.tif, 0.9473,1
IM1123.000.tif, 0.1221,0
IM1123.001.tif, 0.1221,0
IM1124.000.tif, 0.1704,0
IM1124.001.tif, 0.1704,0
IM1125.000.tif, 0.2490,0
IM1125.001.tif, 0.2490,0
IM1127.000.tif, 0.2160,0
IM1127.001.tif, 0.2160,0
IM1128.000.tif, 0.4344,0
IM1128.001.tif, 0.4344,0
IM1133.000.tif, 0.1403,0
IM1133.001.tif, 0.1403,0
IM1134.000.tif, 0.2307,0
IM1134.001.tif, 0.2307,0
IM1135.000.tif, 0.2613,0
IM1135.001.tif, 0.2613,0
IM1136.000.tif, 0.1132,0
IM1136.001.tif, 0.1132,0
IM1137.000.tif, 0.1065,0
IM1137.001.tif, 0.1065,0
IM1138.000.tif, 0.1228,0
IM1138.001.tif, 0.1228,0
IM1140.000.tif, 0.1202,0
IM1140.001.tif, 0.1202,0
IM1141.000.tif, 0.4480,0
IM1141.001.tif, 0.4480,0
IM1142.000.tif, 0.3638,0
IM1142.001.tif, 0.3638,0
IM1143.000.tif, 0.1482,0
IM1143.001.tif, 0.1482,0
IM1144.000.tif, 0.6250,0
IM1144.001.tif, 0.6250,0
IM1145.000.tif, 0.0816,0
IM1145.001.tif, 0.0816,0
IM1146.000.tif, 0.2058,0
IM1146.001.tif, 0.2058,0
IM1148.000.tif, 0.3510,0
IM1148.001.tif, 0.3510,0
IM1149.000.tif, 0.8329,0
IM1149.001.tif, 0.8329,0
IM1150.000.tif, 0.1113,0
IM1150.001.tif, 0.1113,0
IM1151.000.tif, 0.3990,0
IM1151.001.tif, 0.3990,0
IM1152.000.tif, 0.9853,1
IM1152.001.tif, 0.9853,1
IM1154.000.tif, 0.7831,0
IM1154.001.tif, 0.7831,0
IM1155.000.tif, 0.5757,0
IM1155.001.tif, 0.5757,0
IM1158.000.tif, 0.1153,0
IM1158.001.tif, 0.1153,0
IM1161.000.tif, 0.0733,0
IM1161.001.tif, 0.0733,0
IM1162.000.tif, 0.3579,0
IM1162.001.tif, 0.3579,0
IM1163.000.tif, 0.1246,0
IM1163.001.tif, 0.1246,0
IM1164.000.tif, 0.1775,0
IM1164.001.tif, 0.1775,0
IM1165.000.tif, 0.1057,0
IM1165.001.tif, 0.1057,0
IM1166.000.tif, 0.1183,0
IM1166.001.tif, 0.1183,0
IM1168.000.tif, 0.0708,0
IM1168.001.tif, 0.0708,0
IM1170.000.tif, 0.9937,1
IM1170.001.tif, 0.9937,1
IM1172.000.tif, 0.1007,0
IM1172.001.tif, 0.1007,0
IM1174.000.tif, 0.0687,0
IM1174.001.tif, 0.0687,0
IM1176.000.tif, 0.1491,0
IM1176.001.tif, 0.1491,0
IM1177.000.tif, 0.1227,0
IM1177.001.tif, 0.1227,0
IM1179.000.tif, 0.2956,0
IM1179.001.tif, 0.2956,0
IM1180.000.tif, 0.2466,0
IM1180.001.tif, 0.2466,0
IM1181.000.tif, 0.1084,0
IM1181.001.tif, 0.1084,0
IM1182.000.tif, 0.4610,0
IM1182.001.tif, 0.4610,0
IM1183.000.tif, 0.9490,0
IM1183.001.tif, 0.9490,0
IM1184.000.tif, 0.1045,0
IM1184.001.tif, 0.1045,0
IM1185.000.tif, 0.1682,0
IM1185.001.tif, 0.1682,0
IM1188.000.tif, 0.2182,0
IM1188.001.tif, 0.2182,0
IM1190.000.tif, 0.1797,0
IM1190.001.tif, 0.1797,0
IM1192.000.tif, 0.1910,0
IM1192.001.tif, 0.1910,0
IM1195.000.tif, 0.3210,0
IM1195.001.tif, 0.3210,0
IM1197.000.tif, 0.0668,0
IM1197.001.tif, 0.0668,0
IM1199.000.tif, 0.9897,0
IM1199.001.tif, 0.9897,0
IM1200.000.tif, 0.2840,0
IM1200.001.tif, 0.2840,0
IM1201.000.tif, 0.0790,0
IM1201.001.tif, 0.0790,0
IM1202.000.tif, 0.9398,0
IM1202.001.tif, 0.9398,0
IM1205.000.tif, 0.2325,0
IM1205.001.tif, 0.2325,0
IM1206.000.tif, 0.4416,0
IM1206.001.tif, 0.4416,0
IM1207.000.tif, 0.3011,0
IM1207.001.tif, 0.3011,0
IM1208.000.tif, 0.0938,0
IM1208.001.tif, 0.0938,0
IM1210.000.tif, 0.1073,0
IM1210.001.tif, 0.1073,0
IM1212.000.tif, 0.3835,0
IM1212.001.tif, 0.3835,0
IM1213.000.tif, 0.7753,0
IM1213.001.tif, 0.7753,0
IM1214.000.tif, 0.9732,1
IM1214.001.tif, 0.9732,1
IM1215.000.tif, 0.1257,0
IM1215.001.tif, 0.1257,0
IM1216.000.tif, 0.1473,0
IM1216.001.tif, 0.1473,0
IM1219.000.tif, 0.1388,0
IM1219.001.tif, 0.1388,0
IM1220.000.tif, 0.1933,0
IM1220.001.tif, 0.1933,0
IM1222.000.tif, 0.1187,0
IM1222.001.tif, 0.1187,0
IM1223.000.tif, 0.9168,0
IM1223.001.tif, 0.9168,0
IM1224.000.tif, 0.6969,0
IM1224.001.tif, 0.6969,0
IM1226.000.tif, 0.9601,0
IM1226.001.tif, 0.9601,0
IM1228.000.tif, 0.9770,0
IM1228.001.tif, 0.9770,0
IM1230.000.tif, 0.9342,0
IM1230.001.tif, 0.9342,0
IM1232.000.tif, 0.1898,0
IM1232.001.tif, 0.1898,0
IM1234.000.tif, 0.9913,0
IM1234.001.tif, 0.9913,0
IM1235.000.tif, 0.9848,0
IM1235.001.tif, 0.9848,0
IM1236.000.tif, 0.1021,0
IM1236.001.tif, 0.1021,0
IM1238.000.tif, 0.2651,0
IM1238.001.tif, 0.2651,0
IM1240.000.tif, 0.3145,0
IM1240.001.tif, 0.3145,0
IM1241.000.tif, 0.7685,0
IM1241.001.tif, 0.7685,0
IM1242.000.tif, 0.3492,0
IM1242.001.tif, 0.3492,0
IM1243.000.tif, 0.3284,0
IM1243.001.tif, 0.3284,0
IM1244.000.tif, 0.3588,0
IM1244.001.tif, 0.3588,0
IM1246.000.tif, 0.1752,0
IM1246.001.tif, 0.1752,0
IM1252.000.tif, 0.8446,0
IM1252.001.tif, 0.8446,0
IM1253.000.tif, 0.3726,0
IM1253.001.tif, 0.3726,0
IM1254.000.tif, 0.9429,0
IM1254.001.tif, 0.9429,0
IM1259.000.tif, 0.7648,0
IM1259.001.tif, 0.7648,0
IM1260.000.tif, 0.3758,0
IM1260.001.tif, 0.3758,0
IM1261.000.tif, 0.9223,0
IM1261.001.tif, 0.9223,0
IM1262.000.tif, 0.3142,0
IM1262.001.tif, 0.3142,0
IM1266.000.tif, 0.6455,0
IM1266.001.tif, 0.6455,0
IM1268.000.tif, 0.9919,1
IM1268.001.tif, 0.9919,1
IM1269.000.tif, 0.7794,0
IM1269.001.tif, 0.7794,0
IM1270.000.tif, 0.7281,0
IM1270.001.tif, 0.7281,0
IM1272.000.tif, 0.3095,0
IM1272.001.tif, 0.3095,0
IM1275.000.tif, 0.9689,0
IM1275.001.tif, 0.9689,0
IM1277.000.tif, 0.3404,0
IM1277.001.tif, 0.3404,0
IM1280.000.tif, 0.2283,0
IM1280.001.tif, 0.2283,0
IM1282.000.tif, 0.5482,0
IM1282.001.tif, 0.5482,0
IM1284.000.tif, 0.3210,0
IM1284.001.tif, 0.3210,0
IM1286.000.tif, 0.6903,0
IM1286.001.tif, 0.6903,0
IM1289.000.tif, 0.3791,0
IM1289.001.tif, 0.3791,0
IM1290.000.tif, 0.0774,0
IM1290.001.tif, 0.0774,0
IM1291.000.tif, 0.1067,0
IM1291.001.tif, 0.1067,0
IM1292.000.tif, 0.9597,0
IM1292.001.tif, 0.9597,0
IM1293.000.tif, 0.8265,0
IM1293.001.tif, 0.8265,0
IM1294.000.tif, 0.1603,0
IM1294.001.tif, 0.1603,0
IM1295.000.tif, 0.9857,1
IM1295.001.tif, 0.9857,1
IM1296.000.tif, 0.9059,0
IM1296.001.tif, 0.9059,0
IM1297.000.tif, 0.9425,0
IM1297.001.tif, 0.9425,0
IM1298.000.tif, 0.3441,0
IM1298.001.tif, 0.3441,0
IM1299.000.tif, 0.7920,0
IM1299.001.tif, 0.7920,0
IM1300.000.tif, 0.9854,0
IM1300.001.tif, 0.9854,0
IM1301.000.tif, 0.9906,0
IM1301.001.tif, 0.9906,0
IM1303.000.tif, 0.7249,0
IM1303.001.tif, 0.7249,0
IM1306.000.tif, 0.5686,0
IM1306.001.tif, 0.5686,0
IM1307.000.tif, 0.9048,0
IM1307.001.tif, 0.9048,0
IM1309.000.tif, 0.4921,0
IM1309.001.tif, 0.4921,0
IM1310.000.tif, 0.1424,0
IM1310.001.tif, 0.1424,0
IM1312.000.tif, 0.9728,0
IM1312.001.tif, 0.9728,0
IM1313.000.tif, 0.2330,0
IM1313.001.tif, 0.2330,0
IM1314.000.tif, 0.6654,0
IM1314.001.tif, 0.6654,0
IM1315.000.tif, 0.0871,0
IM1315.001.tif, 0.0871,0
IM1316.000.tif, 0.9524,0
IM1316.001.tif, 0.9524,0
IM1319.000.tif, 0.2174,0
IM1319.001.tif, 0.2174,0
IM1320.000.tif, 0.9747,0
IM1320.001.tif, 0.9747,0
IM1322.000.tif, 0.9463,0
IM1322.001.tif, 0.9463,0
IM1323.000.tif, 0.9581,0
IM1323.001.tif, 0.9581,0
IM1324.000.tif, 0.9009,0
IM1324.001.tif, 0.9009,0
IM1325.000.tif, 0.9504,0
IM1325.001.tif, 0.9504,0
IM1327.000.tif, 0.1549,0
IM1327.001.tif, 0.1549,0
IM1329.000.tif, 0.1834,0
IM1329.001.tif, 0.1834,0
IM1331.000.tif, 0.3271,0
IM1331.001.tif, 0.3271,0
IM1332.000.tif, 0.1179,0
IM1332.001.tif, 0.1179,0
IM1334.000.tif, 0.2776,0
IM1334.001.tif, 0.2776,0
IM1335.000.tif, 0.1603,0
IM1335.001.tif, 0.1603,0
IM1336.000.tif, 0.7286,0
IM1336.001.tif, 0.7286,0
IM1340.000.tif, 0.3573,0
IM1340.001.tif, 0.3573,0
IM1341.000.tif, 0.9428,0
IM1341.001.tif, 0.9428,0
IM1342.000.tif, 0.3723,0
IM1342.001.tif, 0.3723,0
IM1344.000.tif, 0.9308,0
IM1344.001.tif, 0.9308,0
IM1346.000.tif, 0.6990,0
IM1346.001.tif, 0.6990,0
IM1347.000.tif, 0.6709,0
IM1347.001.tif, 0.6709,0
IM1348.000.tif, 0.9277,1
IM1348.001.tif, 0.9277,1
IM1350.000.tif, 0.1607,0
IM1350.001.tif, 0.1607,0
IM1351.000.tif, 0.9836,1
IM1351.001.tif, 0.9836,1
IM1352.000.tif, 0.9813,0
IM1352.001.tif, 0.9813,0
IM1353.000.tif, 0.1118,0
IM1353.001.tif, 0.1118,0
IM1355.000.tif, 0.0923,0
IM1355.001.tif, 0.0923,0
IM1356.000.tif, 0.9463,0
IM1356.001.tif, 0.9463,0
IM1357.000.tif, 0.0718,0
IM1357.001.tif, 0.0718,0
IM1360.000.tif, 0.2772,0
IM1360.001.tif, 0.2772,0
IM1362.000.tif, 0.1106,0
IM1362.001.tif, 0.1106,0
IM1366.000.tif, 0.1683,0
IM1366.001.tif, 0.1683,0
IM1368.000.tif, 0.1195,0
IM1368.001.tif, 0.1195,0
IM1371.000.tif, 0.9130,0
IM1371.001.tif, 0.9130,0
IM1372.000.tif, 0.1881,0
IM1372.001.tif, 0.1881,0
IM1374.000.tif, 0.1574,0
IM1374.001.tif, 0.1574,0
IM1377.000.tif, 0.1240,0
IM1377.001.tif, 0.1240,0
IM1378.000.tif, 0.0759,0
IM1378.001.tif, 0.0759,0
IM1379.000.tif, 0.9619,0
IM1379.001.tif, 0.9619,0
IM1380.000.tif, 0.9508,0
IM1380.001.tif, 0.9508,0
IM1381.000.tif, 0.2811,0
IM1381.001.tif, 0.2811,0
IM1384.000.tif, 0.1633,0
IM1384.001.tif, 0.1633,0
IM1386.000.tif, 0.1624,0
IM1386.001.tif, 0.1624,0
IM1390.000.tif, 0.0832,0
IM1390.001.tif, 0.0832,0
IM1391.000.tif, 0.2866,0
IM1391.001.tif, 0.2866,0
IM1392.000.tif, 0.1383,0
IM1392.001.tif, 0.1383,0
IM1395.000.tif, 0.9852,1
IM1395.001.tif, 0.9852,1
IM1397.000.tif, 0.1884,0
IM1397.001.tif, 0.1884,0
IM1398.000.tif, 0.0704,0
IM1398.001.tif, 0.0704,0
IM1400.000.tif, 0.1240,0
IM1400.001.tif, 0.1240,0
IM1401.000.tif, 0.1202,0
IM1401.001.tif, 0.1202,0
IM1402.000.tif, 0.1545,0
IM1402.001.tif, 0.1545,0
IM1403.000.tif, 0.9875,0
IM1403.001.tif, 0.9875,0
IM1406.000.tif, 0.1917,0
IM1406.001.tif, 0.1917,0
IM1408.000.tif, 0.0743,0
IM1408.001.tif, 0.0743,0
IM1409.000.tif, 0.9408,0
IM1409.001.tif, 0.9408,0
IM1410.000.tif, 0.9895,1
IM1410.001.tif, 0.9895,1
IM1414.000.tif, 0.3468,0
IM1414.001.tif, 0.3468,0
IM1419.000.tif, 0.1207,0
IM1419.001.tif, 0.1207,0
IM1420.000.tif, 0.1396,0
IM1420.001.tif, 0.1396,0
IM1421.000.tif, 0.0843,0
IM1421.001.tif, 0.0843,0
IM1423.000.tif, 0.1318,0
IM1423.001.tif, 0.1318,0
IM1424.000.tif, 0.1439,0
IM1424.001.tif, 0.1439,0
IM1426.000.tif, 0.0705,0
IM1426.001.tif, 0.0705,0
IM1427.000.tif, 0.1545,0
IM1427.001.tif, 0.1545,0
IM1428.000.tif, 0.1305,0
IM1428.001.tif, 0.1305,0
IM1433.000.tif, 0.9480,0
IM1433.001.tif, 0.9480,0
IM1434.000.tif, 0.0883,0
IM1434.001.tif, 0.0883,0
IM1436.000.tif, 0.1032,0
IM1436.001.tif, 0.1032,0
IM1437.000.tif, 0.1768,0
IM1437.001.tif, 0.1768,0
IM1440.000.tif, 0.2256,0
IM1440.001.tif, 0.2256,0
IM1441.000.tif, 0.1098,0
IM1441.001.tif, 0.1098,0
IM1442.000.tif, 0.4951,0
IM1442.001.tif, 0.4951,0
IM1443.000.tif, 0.9312,1
IM1443.001.tif, 0.9312,1
IM1444.000.tif, 0.1427,0
IM1444.001.tif, 0.1427,0
IM1445.000.tif, 0.1264,0
IM1445.001.tif, 0.1264,0
IM1447.000.tif, 0.7824,0
IM1447.001.tif, 0.7824,0
IM1449.000.tif, 0.1815,0
IM1449.001.tif, 0.1815,0
IM1450.000.tif, 0.1778,0
IM1450.001.tif, 0.1778,0
IM1452.000.tif, 0.1327,0
IM1452.001.tif, 0.1327,0
IM1454.000.tif, 0.1948,0
IM1454.001.tif, 0.1948,0
IM1456.000.tif, 0.0943,0
IM1456.001.tif, 0.0943,0
IM1458.000.tif, 0.0970,0
IM1458.001.tif, 0.0970,0
IM1460.000.tif, 0.0847,0
IM1460.001.tif, 0.0847,0
IM1463.000.tif, 0.1065,0
IM1463.001.tif, 0.1065,0
IM1465.000.tif, 0.1633,0
IM1465.001.tif, 0.1633,0
IM1467.000.tif, 0.1190,0
IM1467.001.tif, 0.1190,0
IM1468.000.tif, 0.0800,0
IM1468.001.tif, 0.0800,0
IM1470.000.tif, 0.1389,0
IM1470.001.tif, 0.1389,0
IM1471.000.tif, 0.1248,0
IM1471.001.tif, 0.1248,0
IM1473.000.tif, 0.0856,0
IM1473.001.tif, 0.0856,0
IM1474.000.tif, 0.0745,0
IM1474.001.tif, 0.0745,0
IM1475.000.tif, 0.9664,0
IM1475.001.tif, 0.9664,0
IM1479.000.tif, 0.9432,0
IM1479.001.tif, 0.9432,0
IM1480.000.tif, 0.0745,0
IM1480.001.tif, 0.0745,0
IM1485.000.tif, 0.9907,1
IM1485.001.tif, 0.9907,1
IM1487.000.tif, 0.1248,0
IM1487.001.tif, 0.1248,0
IM1488.000.tif, 0.1761,0
IM1488.001.tif, 0.1761,0
IM1489.000.tif, 0.0800,0
IM1489.001.tif, 0.0800,0
IM1490.000.tif, 0.1621,0
IM1490.001.tif, 0.1621,0
IM1491.000.tif, 0.9546,1
IM1491.001.tif, 0.9546,1
IM1492.000.tif, 0.1345,0
IM1492.001.tif, 0.1345,0
IM1494.000.tif, 0.9883,1
IM1494.001.tif, 0.9883,1
IM1496.000.tif, 0.1300,0
IM1496.001.tif, 0.1300,0
IM1498.000.tif, 0.2040,0
IM1498.001.tif, 0.2040,0
IM1499.000.tif, 0.4046,0
IM1499.001.tif, 0.4046,0
IM1500.000.tif, 0.1294,0
IM1500.001.tif, 0.1294,0
IM1501.000.tif, 0.1615,0
IM1501.001.tif, 0.1615,0
IM1502.000.tif, 0.1153,0
IM1502.001.tif, 0.1153,0
IM1504.000.tif, 0.2009,0
IM1504.001.tif, 0.2009,0
IM1505.000.tif, 0.2343,0
IM1505.001.tif, 0.2343,0
IM1506.000.tif, 0.0993,0
IM1506.001.tif, 0.0993,0
IM1507.000.tif, 0.0967,0
IM1507.001.tif, 0.0967,0
IM1510.000.tif, 0.1110,0
IM1510.001.tif, 0.1110,0
IM1511.000.tif, 0.9801,1
IM1511.001.tif, 0.9801,1
IM1515.000.tif, 0.3185,0
IM1515.001.tif, 0.3185,0
IM1516.000.tif, 0.1929,0
IM1516.001.tif, 0.1929,0
IM1517.000.tif, 0.7542,0
IM1517.001.tif, 0.7542,0
IM1519.000.tif, 0.0892,0
IM1519.001.tif, 0.0892,0
IM1521.000.tif, 0.1235,0
IM1521.001.tif, 0.1235,0
IM1524.000.tif, 0.3401,0
IM1524.001.tif, 0.3401,0
IM1525.000.tif, 0.1094,0
IM1525.001.tif, 0.1094,0
IM1527.000.tif, 0.0950,0
IM1527.001.tif, 0.0950,0
IM1529.000.tif, 0.9911,1
IM1529.001.tif, 0.9911,1
IM1532.000.tif, 0.3048,0
IM1532.001.tif, 0.3048,0
IM1533.000.tif, 0.1131,0
IM1533.001.tif, 0.1131,0
IM1535.000.tif, 0.1467,0
IM1535.001.tif, 0.1467,0
IM1537.000.tif, 0.1216,0
IM1537.001.tif, 0.1216,0
IM1540.000.tif, 0.0974,0
IM1540.001.tif, 0.0974,0
IM1541.000.tif, 0.1596,0
IM1541.001.tif, 0.1596,0
IM1543.000.tif, 0.1380,0
IM1543.001.tif, 0.1380,0
IM1544.000.tif, 0.1047,0
IM1544.001.tif, 0.1047,0
IM1545.000.tif, 0.3734,0
IM1545.001.tif, 0.3734,0
IM1546.000.tif, 0.1010,0
IM1546.001.tif, 0.1010,0
IM1548.000.tif, 0.0911,0
IM1548.001.tif, 0.0911,0
IM1550.000.tif, 0.1642,0
IM1550.001.tif, 0.1642,0
IM1555.000.tif, 0.2140,0
IM1555.001.tif, 0.2140,0
IM1556.000.tif, 0.1935,0
IM1556.001.tif, 0.1935,0
IM1558.000.tif, 0.1749,0
IM1558.001.tif, 0.1749,0
IM1560.000.tif, 0.0910,0
IM1560.001.tif, 0.0910,0
IM1562.000.tif, 0.1661,0
IM1562.001.tif, 0.1661,0
IM1563.000.tif, 0.1123,0
IM1563.001.tif, 0.1123,0
IM1564.000.tif, 0.9159,0
IM1564.001.tif, 0.9159,0
IM1565.000.tif, 0.2093,0
IM1565.001.tif, 0.2093,0
